/Users/attwell/Uber/Github/CarND-Behavioral-Cloning-P3/raw_collected_data/IMG/center_2018_07_22_16_00_04_462.jpg,/Users/attwell/Uber/Github/CarND-Behavioral-Cloning-P3/raw_collected_data/IMG/left_2018_07_22_16_00_04_462.jpg,/Users/attwell/Uber/Github/CarND-Behavioral-Cloning-P3/raw_collected_data/IMG/right_2018_07_22_16_00_04_462.jpg,-0.06740124,1,0,30.18968
/Users/attwell/Uber/Github/CarND-Behavioral-Cloning-P3/raw_collected_data/IMG/center_2018_07_22_16_00_04_541.jpg,/Users/attwell/Uber/Github/CarND-Behavioral-Cloning-P3/raw_collected_data/IMG/left_2018_07_22_16_00_04_541.jpg,/Users/attwell/Uber/Github/CarND-Behavioral-Cloning-P3/raw_collected_data/IMG/right_2018_07_22_16_00_04_541.jpg,-0.09585053,1,0,30.1889
/Users/attwell/Uber/Github/CarND-Behavioral-Cloning-P3/raw_collected_data/IMG/center_2018_07_22_16_00_04_611.jpg,/Users/attwell/Uber/Github/CarND-Behavioral-Cloning-P3/raw_collected_data/IMG/left_2018_07_22_16_00_04_611.jpg,/Users/attwell/Uber/Github/CarND-Behavioral-Cloning-P3/raw_collected_data/IMG/right_2018_07_22_16_00_04_611.jpg,-0.09585053,1,0,30.18944
/Users/attwell/Uber/Github/CarND-Behavioral-Cloning-P3/raw_collected_data/IMG/center_2018_07_22_16_00_04_679.jpg,/Users/attwell/Uber/Github/CarND-Behavioral-Cloning-P3/raw_collected_data/IMG/left_2018_07_22_16_00_04_679.jpg,/Users/attwell/Uber/Github/CarND-Behavioral-Cloning-P3/raw_collected_data/IMG/right_2018_07_22_16_00_04_679.jpg,-0.08343161,1,0,30.18995
/Users/attwell/Uber/Github/CarND-Behavioral-Cloning-P3/raw_collected_data/IMG/center_2018_07_22_16_00_04_746.jpg,/Users/attwell/Uber/Github/CarND-Behavioral-Cloning-P3/raw_collected_data/IMG/left_2018_07_22_16_00_04_746.jpg,/Users/attwell/Uber/Github/CarND-Behavioral-Cloning-P3/raw_collected_data/IMG/right_2018_07_22_16_00_04_746.jpg,-0.07889888,1,0,30.19007
/Users/attwell/Uber/Github/CarND-Behavioral-Cloning-P3/raw_collected_data/IMG/center_2018_07_22_16_00_04_816.jpg,/Users/attwell/Uber/Github/CarND-Behavioral-Cloning-P3/raw_collected_data/IMG/left_2018_07_22_16_00_04_816.jpg,/Users/attwell/Uber/Github/CarND-Behavioral-Cloning-P3/raw_collected_data/IMG/right_2018_07_22_16_00_04_816.jpg,-0.07679835,1,0,30.19003
/Users/attwell/Uber/Github/CarND-Behavioral-Cloning-P3/raw_collected_data/IMG/center_2018_07_22_16_00_04_886.jpg,/Users/attwell/Uber/Github/CarND-Behavioral-Cloning-P3/raw_collected_data/IMG/left_2018_07_22_16_00_04_886.jpg,/Users/attwell/Uber/Github/CarND-Behavioral-Cloning-P3/raw_collected_data/IMG/right_2018_07_22_16_00_04_886.jpg,-0.07233933,1,0,30.19007
/Users/attwell/Uber/Github/CarND-Behavioral-Cloning-P3/raw_collected_data/IMG/center_2018_07_22_16_00_04_958.jpg,/Users/attwell/Uber/Github/CarND-Behavioral-Cloning-P3/raw_collected_data/IMG/left_2018_07_22_16_00_04_958.jpg,/Users/attwell/Uber/Github/CarND-Behavioral-Cloning-P3/raw_collected_data/IMG/right_2018_07_22_16_00_04_958.jpg,-0.05221846,1,0,30.18937
/Users/attwell/Uber/Github/CarND-Behavioral-Cloning-P3/raw_collected_data/IMG/center_2018_07_22_16_00_05_026.jpg,/Users/attwell/Uber/Github/CarND-Behavioral-Cloning-P3/raw_collected_data/IMG/left_2018_07_22_16_00_05_026.jpg,/Users/attwell/Uber/Github/CarND-Behavioral-Cloning-P3/raw_collected_data/IMG/right_2018_07_22_16_00_05_026.jpg,-0.02900206,1,0,30.19065
/Users/attwell/Uber/Github/CarND-Behavioral-Cloning-P3/raw_collected_data/IMG/center_2018_07_22_16_00_05_101.jpg,/Users/attwell/Uber/Github/CarND-Behavioral-Cloning-P3/raw_collected_data/IMG/left_2018_07_22_16_00_05_101.jpg,/Users/attwell/Uber/Github/CarND-Behavioral-Cloning-P3/raw_collected_data/IMG/right_2018_07_22_16_00_05_101.jpg,-0.01429835,1,0,30.19044
/Users/attwell/Uber/Github/CarND-Behavioral-Cloning-P3/raw_collected_data/IMG/center_2018_07_22_16_00_05_179.jpg,/Users/attwell/Uber/Github/CarND-Behavioral-Cloning-P3/raw_collected_data/IMG/left_2018_07_22_16_00_05_179.jpg,/Users/attwell/Uber/Github/CarND-Behavioral-Cloning-P3/raw_collected_data/IMG/right_2018_07_22_16_00_05_179.jpg,-0.007149174,1,0,30.18899
/Users/attwell/Uber/Github/CarND-Behavioral-Cloning-P3/raw_collected_data/IMG/center_2018_07_22_16_00_05_252.jpg,/Users/attwell/Uber/Github/CarND-Behavioral-Cloning-P3/raw_collected_data/IMG/left_2018_07_22_16_00_05_252.jpg,/Users/attwell/Uber/Github/CarND-Behavioral-Cloning-P3/raw_collected_data/IMG/right_2018_07_22_16_00_05_252.jpg,-0.0005159198,1,0,30.19068
/Users/attwell/Uber/Github/CarND-Behavioral-Cloning-P3/raw_collected_data/IMG/center_2018_07_22_16_00_05_320.jpg,/Users/attwell/Uber/Github/CarND-Behavioral-Cloning-P3/raw_collected_data/IMG/left_2018_07_22_16_00_05_320.jpg,/Users/attwell/Uber/Github/CarND-Behavioral-Cloning-P3/raw_collected_data/IMG/right_2018_07_22_16_00_05_320.jpg,0.001621462,1,0,30.1905
/Users/attwell/Uber/Github/CarND-Behavioral-Cloning-P3/raw_collected_data/IMG/center_2018_07_22_16_00_05_403.jpg,/Users/attwell/Uber/Github/CarND-Behavioral-Cloning-P3/raw_collected_data/IMG/left_2018_07_22_16_00_05_403.jpg,/Users/attwell/Uber/Github/CarND-Behavioral-Cloning-P3/raw_collected_data/IMG/right_2018_07_22_16_00_05_403.jpg,0.001621462,1,0,30.19034
/Users/attwell/Uber/Github/CarND-Behavioral-Cloning-P3/raw_collected_data/IMG/center_2018_07_22_16_00_05_488.jpg,/Users/attwell/Uber/Github/CarND-Behavioral-Cloning-P3/raw_collected_data/IMG/left_2018_07_22_16_00_05_488.jpg,/Users/attwell/Uber/Github/CarND-Behavioral-Cloning-P3/raw_collected_data/IMG/right_2018_07_22_16_00_05_488.jpg,0.001621462,1,0,30.19055
/Users/attwell/Uber/Github/CarND-Behavioral-Cloning-P3/raw_collected_data/IMG/center_2018_07_22_16_00_05_576.jpg,/Users/attwell/Uber/Github/CarND-Behavioral-Cloning-P3/raw_collected_data/IMG/left_2018_07_22_16_00_05_576.jpg,/Users/attwell/Uber/Github/CarND-Behavioral-Cloning-P3/raw_collected_data/IMG/right_2018_07_22_16_00_05_576.jpg,-0.01953125,1,0,30.19014
/Users/attwell/Uber/Github/CarND-Behavioral-Cloning-P3/raw_collected_data/IMG/center_2018_07_22_16_00_05_661.jpg,/Users/attwell/Uber/Github/CarND-Behavioral-Cloning-P3/raw_collected_data/IMG/left_2018_07_22_16_00_05_661.jpg,/Users/attwell/Uber/Github/CarND-Behavioral-Cloning-P3/raw_collected_data/IMG/right_2018_07_22_16_00_05_661.jpg,-0.02645931,1,0,30.19017
/Users/attwell/Uber/Github/CarND-Behavioral-Cloning-P3/raw_collected_data/IMG/center_2018_07_22_16_00_05_747.jpg,/Users/attwell/Uber/Github/CarND-Behavioral-Cloning-P3/raw_collected_data/IMG/left_2018_07_22_16_00_05_747.jpg,/Users/attwell/Uber/Github/CarND-Behavioral-Cloning-P3/raw_collected_data/IMG/right_2018_07_22_16_00_05_747.jpg,-0.02863355,1,0,30.19014
/Users/attwell/Uber/Github/CarND-Behavioral-Cloning-P3/raw_collected_data/IMG/center_2018_07_22_16_00_05_831.jpg,/Users/attwell/Uber/Github/CarND-Behavioral-Cloning-P3/raw_collected_data/IMG/left_2018_07_22_16_00_05_831.jpg,/Users/attwell/Uber/Github/CarND-Behavioral-Cloning-P3/raw_collected_data/IMG/right_2018_07_22_16_00_05_831.jpg,-0.02863355,1,0,30.19023
/Users/attwell/Uber/Github/CarND-Behavioral-Cloning-P3/raw_collected_data/IMG/center_2018_07_22_16_00_05_915.jpg,/Users/attwell/Uber/Github/CarND-Behavioral-Cloning-P3/raw_collected_data/IMG/left_2018_07_22_16_00_05_915.jpg,/Users/attwell/Uber/Github/CarND-Behavioral-Cloning-P3/raw_collected_data/IMG/right_2018_07_22_16_00_05_915.jpg,-0.0351931,1,0,30.19021
/Users/attwell/Uber/Github/CarND-Behavioral-Cloning-P3/raw_collected_data/IMG/center_2018_07_22_16_00_06_004.jpg,/Users/attwell/Uber/Github/CarND-Behavioral-Cloning-P3/raw_collected_data/IMG/left_2018_07_22_16_00_06_004.jpg,/Users/attwell/Uber/Github/CarND-Behavioral-Cloning-P3/raw_collected_data/IMG/right_2018_07_22_16_00_06_004.jpg,-0.05546138,1,0,30.18994
/Users/attwell/Uber/Github/CarND-Behavioral-Cloning-P3/raw_collected_data/IMG/center_2018_07_22_16_00_06_072.jpg,/Users/attwell/Uber/Github/CarND-Behavioral-Cloning-P3/raw_collected_data/IMG/left_2018_07_22_16_00_06_072.jpg,/Users/attwell/Uber/Github/CarND-Behavioral-Cloning-P3/raw_collected_data/IMG/right_2018_07_22_16_00_06_072.jpg,-0.06541126,1,0,30.18978
/Users/attwell/Uber/Github/CarND-Behavioral-Cloning-P3/raw_collected_data/IMG/center_2018_07_22_16_00_06_142.jpg,/Users/attwell/Uber/Github/CarND-Behavioral-Cloning-P3/raw_collected_data/IMG/left_2018_07_22_16_00_06_142.jpg,/Users/attwell/Uber/Github/CarND-Behavioral-Cloning-P3/raw_collected_data/IMG/right_2018_07_22_16_00_06_142.jpg,-0.07233933,1,0,30.18986
/Users/attwell/Uber/Github/CarND-Behavioral-Cloning-P3/raw_collected_data/IMG/center_2018_07_22_16_00_06_211.jpg,/Users/attwell/Uber/Github/CarND-Behavioral-Cloning-P3/raw_collected_data/IMG/left_2018_07_22_16_00_06_211.jpg,/Users/attwell/Uber/Github/CarND-Behavioral-Cloning-P3/raw_collected_data/IMG/right_2018_07_22_16_00_06_211.jpg,-0.07705631,1,0,30.18988
/Users/attwell/Uber/Github/CarND-Behavioral-Cloning-P3/raw_collected_data/IMG/center_2018_07_22_16_00_06_279.jpg,/Users/attwell/Uber/Github/CarND-Behavioral-Cloning-P3/raw_collected_data/IMG/left_2018_07_22_16_00_06_279.jpg,/Users/attwell/Uber/Github/CarND-Behavioral-Cloning-P3/raw_collected_data/IMG/right_2018_07_22_16_00_06_279.jpg,-0.07705631,1,0,30.19
/Users/attwell/Uber/Github/CarND-Behavioral-Cloning-P3/raw_collected_data/IMG/center_2018_07_22_16_00_06_347.jpg,/Users/attwell/Uber/Github/CarND-Behavioral-Cloning-P3/raw_collected_data/IMG/left_2018_07_22_16_00_06_347.jpg,/Users/attwell/Uber/Github/CarND-Behavioral-Cloning-P3/raw_collected_data/IMG/right_2018_07_22_16_00_06_347.jpg,-0.07705631,1,0,30.19007
/Users/attwell/Uber/Github/CarND-Behavioral-Cloning-P3/raw_collected_data/IMG/center_2018_07_22_16_00_06_415.jpg,/Users/attwell/Uber/Github/CarND-Behavioral-Cloning-P3/raw_collected_data/IMG/left_2018_07_22_16_00_06_415.jpg,/Users/attwell/Uber/Github/CarND-Behavioral-Cloning-P3/raw_collected_data/IMG/right_2018_07_22_16_00_06_415.jpg,-0.07005454,1,0,30.19023
/Users/attwell/Uber/Github/CarND-Behavioral-Cloning-P3/raw_collected_data/IMG/center_2018_07_22_16_00_06_504.jpg,/Users/attwell/Uber/Github/CarND-Behavioral-Cloning-P3/raw_collected_data/IMG/left_2018_07_22_16_00_06_504.jpg,/Users/attwell/Uber/Github/CarND-Behavioral-Cloning-P3/raw_collected_data/IMG/right_2018_07_22_16_00_06_504.jpg,-0.04735407,1,0,30.19045
/Users/attwell/Uber/Github/CarND-Behavioral-Cloning-P3/raw_collected_data/IMG/center_2018_07_22_16_00_06_587.jpg,/Users/attwell/Uber/Github/CarND-Behavioral-Cloning-P3/raw_collected_data/IMG/left_2018_07_22_16_00_06_587.jpg,/Users/attwell/Uber/Github/CarND-Behavioral-Cloning-P3/raw_collected_data/IMG/right_2018_07_22_16_00_06_587.jpg,-0.03290831,1,0,30.19044
/Users/attwell/Uber/Github/CarND-Behavioral-Cloning-P3/raw_collected_data/IMG/center_2018_07_22_16_00_06_675.jpg,/Users/attwell/Uber/Github/CarND-Behavioral-Cloning-P3/raw_collected_data/IMG/left_2018_07_22_16_00_06_675.jpg,/Users/attwell/Uber/Github/CarND-Behavioral-Cloning-P3/raw_collected_data/IMG/right_2018_07_22_16_00_06_675.jpg,-0.02855985,1,0,30.19037
/Users/attwell/Uber/Github/CarND-Behavioral-Cloning-P3/raw_collected_data/IMG/center_2018_07_22_16_00_06_742.jpg,/Users/attwell/Uber/Github/CarND-Behavioral-Cloning-P3/raw_collected_data/IMG/left_2018_07_22_16_00_06_742.jpg,/Users/attwell/Uber/Github/CarND-Behavioral-Cloning-P3/raw_collected_data/IMG/right_2018_07_22_16_00_06_742.jpg,-0.02855985,1,0,30.19038
/Users/attwell/Uber/Github/CarND-Behavioral-Cloning-P3/raw_collected_data/IMG/center_2018_07_22_16_00_06_825.jpg,/Users/attwell/Uber/Github/CarND-Behavioral-Cloning-P3/raw_collected_data/IMG/left_2018_07_22_16_00_06_825.jpg,/Users/attwell/Uber/Github/CarND-Behavioral-Cloning-P3/raw_collected_data/IMG/right_2018_07_22_16_00_06_825.jpg,-0.02855985,1,0,30.19033
/Users/attwell/Uber/Github/CarND-Behavioral-Cloning-P3/raw_collected_data/IMG/center_2018_07_22_16_00_06_906.jpg,/Users/attwell/Uber/Github/CarND-Behavioral-Cloning-P3/raw_collected_data/IMG/left_2018_07_22_16_00_06_906.jpg,/Users/attwell/Uber/Github/CarND-Behavioral-Cloning-P3/raw_collected_data/IMG/right_2018_07_22_16_00_06_906.jpg,-0.03290831,1,0,30.19028
/Users/attwell/Uber/Github/CarND-Behavioral-Cloning-P3/raw_collected_data/IMG/center_2018_07_22_16_00_06_990.jpg,/Users/attwell/Uber/Github/CarND-Behavioral-Cloning-P3/raw_collected_data/IMG/left_2018_07_22_16_00_06_990.jpg,/Users/attwell/Uber/Github/CarND-Behavioral-Cloning-P3/raw_collected_data/IMG/right_2018_07_22_16_00_06_990.jpg,-0.03290831,1,0,30.19027
/Users/attwell/Uber/Github/CarND-Behavioral-Cloning-P3/raw_collected_data/IMG/center_2018_07_22_16_00_07_072.jpg,/Users/attwell/Uber/Github/CarND-Behavioral-Cloning-P3/raw_collected_data/IMG/left_2018_07_22_16_00_07_072.jpg,/Users/attwell/Uber/Github/CarND-Behavioral-Cloning-P3/raw_collected_data/IMG/right_2018_07_22_16_00_07_072.jpg,-0.03080778,1,0,30.19031
/Users/attwell/Uber/Github/CarND-Behavioral-Cloning-P3/raw_collected_data/IMG/center_2018_07_22_16_00_07_154.jpg,/Users/attwell/Uber/Github/CarND-Behavioral-Cloning-P3/raw_collected_data/IMG/left_2018_07_22_16_00_07_154.jpg,/Users/attwell/Uber/Github/CarND-Behavioral-Cloning-P3/raw_collected_data/IMG/right_2018_07_22_16_00_07_154.jpg,-0.02631191,1,0,30.19034
/Users/attwell/Uber/Github/CarND-Behavioral-Cloning-P3/raw_collected_data/IMG/center_2018_07_22_16_00_07_242.jpg,/Users/attwell/Uber/Github/CarND-Behavioral-Cloning-P3/raw_collected_data/IMG/left_2018_07_22_16_00_07_242.jpg,/Users/attwell/Uber/Github/CarND-Behavioral-Cloning-P3/raw_collected_data/IMG/right_2018_07_22_16_00_07_242.jpg,-0.02631191,1,0,30.19016
/Users/attwell/Uber/Github/CarND-Behavioral-Cloning-P3/raw_collected_data/IMG/center_2018_07_22_16_00_07_330.jpg,/Users/attwell/Uber/Github/CarND-Behavioral-Cloning-P3/raw_collected_data/IMG/left_2018_07_22_16_00_07_330.jpg,/Users/attwell/Uber/Github/CarND-Behavioral-Cloning-P3/raw_collected_data/IMG/right_2018_07_22_16_00_07_330.jpg,-0.02631191,1,0,30.19029
/Users/attwell/Uber/Github/CarND-Behavioral-Cloning-P3/raw_collected_data/IMG/center_2018_07_22_16_00_07_399.jpg,/Users/attwell/Uber/Github/CarND-Behavioral-Cloning-P3/raw_collected_data/IMG/left_2018_07_22_16_00_07_399.jpg,/Users/attwell/Uber/Github/CarND-Behavioral-Cloning-P3/raw_collected_data/IMG/right_2018_07_22_16_00_07_399.jpg,-0.02631191,1,0,30.19029
/Users/attwell/Uber/Github/CarND-Behavioral-Cloning-P3/raw_collected_data/IMG/center_2018_07_22_16_00_07_470.jpg,/Users/attwell/Uber/Github/CarND-Behavioral-Cloning-P3/raw_collected_data/IMG/left_2018_07_22_16_00_07_470.jpg,/Users/attwell/Uber/Github/CarND-Behavioral-Cloning-P3/raw_collected_data/IMG/right_2018_07_22_16_00_07_470.jpg,-0.02631191,1,0,30.19029
/Users/attwell/Uber/Github/CarND-Behavioral-Cloning-P3/raw_collected_data/IMG/center_2018_07_22_16_00_07_542.jpg,/Users/attwell/Uber/Github/CarND-Behavioral-Cloning-P3/raw_collected_data/IMG/left_2018_07_22_16_00_07_542.jpg,/Users/attwell/Uber/Github/CarND-Behavioral-Cloning-P3/raw_collected_data/IMG/right_2018_07_22_16_00_07_542.jpg,-0.02631191,1,0,30.19029
/Users/attwell/Uber/Github/CarND-Behavioral-Cloning-P3/raw_collected_data/IMG/center_2018_07_22_16_00_07_610.jpg,/Users/attwell/Uber/Github/CarND-Behavioral-Cloning-P3/raw_collected_data/IMG/left_2018_07_22_16_00_07_610.jpg,/Users/attwell/Uber/Github/CarND-Behavioral-Cloning-P3/raw_collected_data/IMG/right_2018_07_22_16_00_07_610.jpg,-0.02631191,1,0,30.19028
/Users/attwell/Uber/Github/CarND-Behavioral-Cloning-P3/raw_collected_data/IMG/center_2018_07_22_16_00_07_679.jpg,/Users/attwell/Uber/Github/CarND-Behavioral-Cloning-P3/raw_collected_data/IMG/left_2018_07_22_16_00_07_679.jpg,/Users/attwell/Uber/Github/CarND-Behavioral-Cloning-P3/raw_collected_data/IMG/right_2018_07_22_16_00_07_679.jpg,-0.02631191,1,0,30.19028
/Users/attwell/Uber/Github/CarND-Behavioral-Cloning-P3/raw_collected_data/IMG/center_2018_07_22_16_00_07_766.jpg,/Users/attwell/Uber/Github/CarND-Behavioral-Cloning-P3/raw_collected_data/IMG/left_2018_07_22_16_00_07_766.jpg,/Users/attwell/Uber/Github/CarND-Behavioral-Cloning-P3/raw_collected_data/IMG/right_2018_07_22_16_00_07_766.jpg,-0.02631191,1,0,30.19029
/Users/attwell/Uber/Github/CarND-Behavioral-Cloning-P3/raw_collected_data/IMG/center_2018_07_22_16_00_07_848.jpg,/Users/attwell/Uber/Github/CarND-Behavioral-Cloning-P3/raw_collected_data/IMG/left_2018_07_22_16_00_07_848.jpg,/Users/attwell/Uber/Github/CarND-Behavioral-Cloning-P3/raw_collected_data/IMG/right_2018_07_22_16_00_07_848.jpg,-0.02631191,1,0,30.19027
/Users/attwell/Uber/Github/CarND-Behavioral-Cloning-P3/raw_collected_data/IMG/center_2018_07_22_16_00_07_933.jpg,/Users/attwell/Uber/Github/CarND-Behavioral-Cloning-P3/raw_collected_data/IMG/left_2018_07_22_16_00_07_933.jpg,/Users/attwell/Uber/Github/CarND-Behavioral-Cloning-P3/raw_collected_data/IMG/right_2018_07_22_16_00_07_933.jpg,-0.02631191,1,0,30.19027
/Users/attwell/Uber/Github/CarND-Behavioral-Cloning-P3/raw_collected_data/IMG/center_2018_07_22_16_00_08_018.jpg,/Users/attwell/Uber/Github/CarND-Behavioral-Cloning-P3/raw_collected_data/IMG/left_2018_07_22_16_00_08_018.jpg,/Users/attwell/Uber/Github/CarND-Behavioral-Cloning-P3/raw_collected_data/IMG/right_2018_07_22_16_00_08_018.jpg,-0.02631191,1,0,30.19028
/Users/attwell/Uber/Github/CarND-Behavioral-Cloning-P3/raw_collected_data/IMG/center_2018_07_22_16_00_08_109.jpg,/Users/attwell/Uber/Github/CarND-Behavioral-Cloning-P3/raw_collected_data/IMG/left_2018_07_22_16_00_08_109.jpg,/Users/attwell/Uber/Github/CarND-Behavioral-Cloning-P3/raw_collected_data/IMG/right_2018_07_22_16_00_08_109.jpg,-0.02631191,1,0,30.19029
/Users/attwell/Uber/Github/CarND-Behavioral-Cloning-P3/raw_collected_data/IMG/center_2018_07_22_16_00_08_198.jpg,/Users/attwell/Uber/Github/CarND-Behavioral-Cloning-P3/raw_collected_data/IMG/left_2018_07_22_16_00_08_198.jpg,/Users/attwell/Uber/Github/CarND-Behavioral-Cloning-P3/raw_collected_data/IMG/right_2018_07_22_16_00_08_198.jpg,-0.02631191,1,0,30.19028
/Users/attwell/Uber/Github/CarND-Behavioral-Cloning-P3/raw_collected_data/IMG/center_2018_07_22_16_00_08_266.jpg,/Users/attwell/Uber/Github/CarND-Behavioral-Cloning-P3/raw_collected_data/IMG/left_2018_07_22_16_00_08_266.jpg,/Users/attwell/Uber/Github/CarND-Behavioral-Cloning-P3/raw_collected_data/IMG/right_2018_07_22_16_00_08_266.jpg,-0.02631191,1,0,30.19029
/Users/attwell/Uber/Github/CarND-Behavioral-Cloning-P3/raw_collected_data/IMG/center_2018_07_22_16_00_08_334.jpg,/Users/attwell/Uber/Github/CarND-Behavioral-Cloning-P3/raw_collected_data/IMG/left_2018_07_22_16_00_08_334.jpg,/Users/attwell/Uber/Github/CarND-Behavioral-Cloning-P3/raw_collected_data/IMG/right_2018_07_22_16_00_08_334.jpg,-0.03058667,1,0,30.19025
/Users/attwell/Uber/Github/CarND-Behavioral-Cloning-P3/raw_collected_data/IMG/center_2018_07_22_16_00_08_422.jpg,/Users/attwell/Uber/Github/CarND-Behavioral-Cloning-P3/raw_collected_data/IMG/left_2018_07_22_16_00_08_422.jpg,/Users/attwell/Uber/Github/CarND-Behavioral-Cloning-P3/raw_collected_data/IMG/right_2018_07_22_16_00_08_422.jpg,-0.03058667,1,0,30.19028
/Users/attwell/Uber/Github/CarND-Behavioral-Cloning-P3/raw_collected_data/IMG/center_2018_07_22_16_00_08_506.jpg,/Users/attwell/Uber/Github/CarND-Behavioral-Cloning-P3/raw_collected_data/IMG/left_2018_07_22_16_00_08_506.jpg,/Users/attwell/Uber/Github/CarND-Behavioral-Cloning-P3/raw_collected_data/IMG/right_2018_07_22_16_00_08_506.jpg,-0.03058667,1,0,30.19027
/Users/attwell/Uber/Github/CarND-Behavioral-Cloning-P3/raw_collected_data/IMG/center_2018_07_22_16_00_08_573.jpg,/Users/attwell/Uber/Github/CarND-Behavioral-Cloning-P3/raw_collected_data/IMG/left_2018_07_22_16_00_08_573.jpg,/Users/attwell/Uber/Github/CarND-Behavioral-Cloning-P3/raw_collected_data/IMG/right_2018_07_22_16_00_08_573.jpg,-0.03058667,1,0,30.19027
/Users/attwell/Uber/Github/CarND-Behavioral-Cloning-P3/raw_collected_data/IMG/center_2018_07_22_16_00_08_655.jpg,/Users/attwell/Uber/Github/CarND-Behavioral-Cloning-P3/raw_collected_data/IMG/left_2018_07_22_16_00_08_655.jpg,/Users/attwell/Uber/Github/CarND-Behavioral-Cloning-P3/raw_collected_data/IMG/right_2018_07_22_16_00_08_655.jpg,-0.03058667,1,0,30.19021
/Users/attwell/Uber/Github/CarND-Behavioral-Cloning-P3/raw_collected_data/IMG/center_2018_07_22_16_00_08_739.jpg,/Users/attwell/Uber/Github/CarND-Behavioral-Cloning-P3/raw_collected_data/IMG/left_2018_07_22_16_00_08_739.jpg,/Users/attwell/Uber/Github/CarND-Behavioral-Cloning-P3/raw_collected_data/IMG/right_2018_07_22_16_00_08_739.jpg,-0.03058667,1,0,30.19026
/Users/attwell/Uber/Github/CarND-Behavioral-Cloning-P3/raw_collected_data/IMG/center_2018_07_22_16_00_08_823.jpg,/Users/attwell/Uber/Github/CarND-Behavioral-Cloning-P3/raw_collected_data/IMG/left_2018_07_22_16_00_08_823.jpg,/Users/attwell/Uber/Github/CarND-Behavioral-Cloning-P3/raw_collected_data/IMG/right_2018_07_22_16_00_08_823.jpg,-0.03268721,1,0,30.19027
/Users/attwell/Uber/Github/CarND-Behavioral-Cloning-P3/raw_collected_data/IMG/center_2018_07_22_16_00_08_905.jpg,/Users/attwell/Uber/Github/CarND-Behavioral-Cloning-P3/raw_collected_data/IMG/left_2018_07_22_16_00_08_905.jpg,/Users/attwell/Uber/Github/CarND-Behavioral-Cloning-P3/raw_collected_data/IMG/right_2018_07_22_16_00_08_905.jpg,-0.03268721,1,0,30.19026
/Users/attwell/Uber/Github/CarND-Behavioral-Cloning-P3/raw_collected_data/IMG/center_2018_07_22_16_00_08_988.jpg,/Users/attwell/Uber/Github/CarND-Behavioral-Cloning-P3/raw_collected_data/IMG/left_2018_07_22_16_00_08_988.jpg,/Users/attwell/Uber/Github/CarND-Behavioral-Cloning-P3/raw_collected_data/IMG/right_2018_07_22_16_00_08_988.jpg,-0.03268721,1,0,30.19028
/Users/attwell/Uber/Github/CarND-Behavioral-Cloning-P3/raw_collected_data/IMG/center_2018_07_22_16_00_09_071.jpg,/Users/attwell/Uber/Github/CarND-Behavioral-Cloning-P3/raw_collected_data/IMG/left_2018_07_22_16_00_09_071.jpg,/Users/attwell/Uber/Github/CarND-Behavioral-Cloning-P3/raw_collected_data/IMG/right_2018_07_22_16_00_09_071.jpg,-0.03268721,1,0,30.19027
/Users/attwell/Uber/Github/CarND-Behavioral-Cloning-P3/raw_collected_data/IMG/center_2018_07_22_16_00_09_157.jpg,/Users/attwell/Uber/Github/CarND-Behavioral-Cloning-P3/raw_collected_data/IMG/left_2018_07_22_16_00_09_157.jpg,/Users/attwell/Uber/Github/CarND-Behavioral-Cloning-P3/raw_collected_data/IMG/right_2018_07_22_16_00_09_157.jpg,-0.03268721,1,0,30.19026
/Users/attwell/Uber/Github/CarND-Behavioral-Cloning-P3/raw_collected_data/IMG/center_2018_07_22_16_00_09_230.jpg,/Users/attwell/Uber/Github/CarND-Behavioral-Cloning-P3/raw_collected_data/IMG/left_2018_07_22_16_00_09_230.jpg,/Users/attwell/Uber/Github/CarND-Behavioral-Cloning-P3/raw_collected_data/IMG/right_2018_07_22_16_00_09_230.jpg,-0.03268721,1,0,30.19027
/Users/attwell/Uber/Github/CarND-Behavioral-Cloning-P3/raw_collected_data/IMG/center_2018_07_22_16_00_09_312.jpg,/Users/attwell/Uber/Github/CarND-Behavioral-Cloning-P3/raw_collected_data/IMG/left_2018_07_22_16_00_09_312.jpg,/Users/attwell/Uber/Github/CarND-Behavioral-Cloning-P3/raw_collected_data/IMG/right_2018_07_22_16_00_09_312.jpg,-0.03268721,1,0,30.19028
/Users/attwell/Uber/Github/CarND-Behavioral-Cloning-P3/raw_collected_data/IMG/center_2018_07_22_16_00_09_400.jpg,/Users/attwell/Uber/Github/CarND-Behavioral-Cloning-P3/raw_collected_data/IMG/left_2018_07_22_16_00_09_400.jpg,/Users/attwell/Uber/Github/CarND-Behavioral-Cloning-P3/raw_collected_data/IMG/right_2018_07_22_16_00_09_400.jpg,-0.03268721,1,0,30.19028
/Users/attwell/Uber/Github/CarND-Behavioral-Cloning-P3/raw_collected_data/IMG/center_2018_07_22_16_00_09_483.jpg,/Users/attwell/Uber/Github/CarND-Behavioral-Cloning-P3/raw_collected_data/IMG/left_2018_07_22_16_00_09_483.jpg,/Users/attwell/Uber/Github/CarND-Behavioral-Cloning-P3/raw_collected_data/IMG/right_2018_07_22_16_00_09_483.jpg,-0.03268721,1,0,30.19027
/Users/attwell/Uber/Github/CarND-Behavioral-Cloning-P3/raw_collected_data/IMG/center_2018_07_22_16_00_09_556.jpg,/Users/attwell/Uber/Github/CarND-Behavioral-Cloning-P3/raw_collected_data/IMG/left_2018_07_22_16_00_09_556.jpg,/Users/attwell/Uber/Github/CarND-Behavioral-Cloning-P3/raw_collected_data/IMG/right_2018_07_22_16_00_09_556.jpg,-0.03268721,1,0,30.19027
/Users/attwell/Uber/Github/CarND-Behavioral-Cloning-P3/raw_collected_data/IMG/center_2018_07_22_16_00_09_634.jpg,/Users/attwell/Uber/Github/CarND-Behavioral-Cloning-P3/raw_collected_data/IMG/left_2018_07_22_16_00_09_634.jpg,/Users/attwell/Uber/Github/CarND-Behavioral-Cloning-P3/raw_collected_data/IMG/right_2018_07_22_16_00_09_634.jpg,-0.02314269,1,0,30.19034
/Users/attwell/Uber/Github/CarND-Behavioral-Cloning-P3/raw_collected_data/IMG/center_2018_07_22_16_00_09_712.jpg,/Users/attwell/Uber/Github/CarND-Behavioral-Cloning-P3/raw_collected_data/IMG/left_2018_07_22_16_00_09_712.jpg,/Users/attwell/Uber/Github/CarND-Behavioral-Cloning-P3/raw_collected_data/IMG/right_2018_07_22_16_00_09_712.jpg,-0.01359817,1,0,30.19034
/Users/attwell/Uber/Github/CarND-Behavioral-Cloning-P3/raw_collected_data/IMG/center_2018_07_22_16_00_09_796.jpg,/Users/attwell/Uber/Github/CarND-Behavioral-Cloning-P3/raw_collected_data/IMG/left_2018_07_22_16_00_09_796.jpg,/Users/attwell/Uber/Github/CarND-Behavioral-Cloning-P3/raw_collected_data/IMG/right_2018_07_22_16_00_09_796.jpg,-0.01146079,1,0,30.19032
/Users/attwell/Uber/Github/CarND-Behavioral-Cloning-P3/raw_collected_data/IMG/center_2018_07_22_16_00_09_878.jpg,/Users/attwell/Uber/Github/CarND-Behavioral-Cloning-P3/raw_collected_data/IMG/left_2018_07_22_16_00_09_878.jpg,/Users/attwell/Uber/Github/CarND-Behavioral-Cloning-P3/raw_collected_data/IMG/right_2018_07_22_16_00_09_878.jpg,-0.01146079,1,0,30.19035
/Users/attwell/Uber/Github/CarND-Behavioral-Cloning-P3/raw_collected_data/IMG/center_2018_07_22_16_00_09_966.jpg,/Users/attwell/Uber/Github/CarND-Behavioral-Cloning-P3/raw_collected_data/IMG/left_2018_07_22_16_00_09_966.jpg,/Users/attwell/Uber/Github/CarND-Behavioral-Cloning-P3/raw_collected_data/IMG/right_2018_07_22_16_00_09_966.jpg,-0.01831515,1,0,30.19029
/Users/attwell/Uber/Github/CarND-Behavioral-Cloning-P3/raw_collected_data/IMG/center_2018_07_22_16_00_10_054.jpg,/Users/attwell/Uber/Github/CarND-Behavioral-Cloning-P3/raw_collected_data/IMG/left_2018_07_22_16_00_10_054.jpg,/Users/attwell/Uber/Github/CarND-Behavioral-Cloning-P3/raw_collected_data/IMG/right_2018_07_22_16_00_10_054.jpg,-0.01831515,1,0,30.19028
/Users/attwell/Uber/Github/CarND-Behavioral-Cloning-P3/raw_collected_data/IMG/center_2018_07_22_16_00_10_121.jpg,/Users/attwell/Uber/Github/CarND-Behavioral-Cloning-P3/raw_collected_data/IMG/left_2018_07_22_16_00_10_121.jpg,/Users/attwell/Uber/Github/CarND-Behavioral-Cloning-P3/raw_collected_data/IMG/right_2018_07_22_16_00_10_121.jpg,-0.01831515,1,0,30.19029
/Users/attwell/Uber/Github/CarND-Behavioral-Cloning-P3/raw_collected_data/IMG/center_2018_07_22_16_00_10_203.jpg,/Users/attwell/Uber/Github/CarND-Behavioral-Cloning-P3/raw_collected_data/IMG/left_2018_07_22_16_00_10_203.jpg,/Users/attwell/Uber/Github/CarND-Behavioral-Cloning-P3/raw_collected_data/IMG/right_2018_07_22_16_00_10_203.jpg,-0.01831515,1,0,30.19029
/Users/attwell/Uber/Github/CarND-Behavioral-Cloning-P3/raw_collected_data/IMG/center_2018_07_22_16_00_10_286.jpg,/Users/attwell/Uber/Github/CarND-Behavioral-Cloning-P3/raw_collected_data/IMG/left_2018_07_22_16_00_10_286.jpg,/Users/attwell/Uber/Github/CarND-Behavioral-Cloning-P3/raw_collected_data/IMG/right_2018_07_22_16_00_10_286.jpg,-0.01831515,1,0,30.19029
/Users/attwell/Uber/Github/CarND-Behavioral-Cloning-P3/raw_collected_data/IMG/center_2018_07_22_16_00_10_368.jpg,/Users/attwell/Uber/Github/CarND-Behavioral-Cloning-P3/raw_collected_data/IMG/left_2018_07_22_16_00_10_368.jpg,/Users/attwell/Uber/Github/CarND-Behavioral-Cloning-P3/raw_collected_data/IMG/right_2018_07_22_16_00_10_368.jpg,-0.01831515,1,0,30.19029
/Users/attwell/Uber/Github/CarND-Behavioral-Cloning-P3/raw_collected_data/IMG/center_2018_07_22_16_00_10_446.jpg,/Users/attwell/Uber/Github/CarND-Behavioral-Cloning-P3/raw_collected_data/IMG/left_2018_07_22_16_00_10_446.jpg,/Users/attwell/Uber/Github/CarND-Behavioral-Cloning-P3/raw_collected_data/IMG/right_2018_07_22_16_00_10_446.jpg,-0.01831515,1,0,30.19027
/Users/attwell/Uber/Github/CarND-Behavioral-Cloning-P3/raw_collected_data/IMG/center_2018_07_22_16_00_10_525.jpg,/Users/attwell/Uber/Github/CarND-Behavioral-Cloning-P3/raw_collected_data/IMG/left_2018_07_22_16_00_10_525.jpg,/Users/attwell/Uber/Github/CarND-Behavioral-Cloning-P3/raw_collected_data/IMG/right_2018_07_22_16_00_10_525.jpg,-0.02041569,1,0,30.19028
/Users/attwell/Uber/Github/CarND-Behavioral-Cloning-P3/raw_collected_data/IMG/center_2018_07_22_16_00_10_605.jpg,/Users/attwell/Uber/Github/CarND-Behavioral-Cloning-P3/raw_collected_data/IMG/left_2018_07_22_16_00_10_605.jpg,/Users/attwell/Uber/Github/CarND-Behavioral-Cloning-P3/raw_collected_data/IMG/right_2018_07_22_16_00_10_605.jpg,-0.024801,1,0,30.19025
/Users/attwell/Uber/Github/CarND-Behavioral-Cloning-P3/raw_collected_data/IMG/center_2018_07_22_16_00_10_688.jpg,/Users/attwell/Uber/Github/CarND-Behavioral-Cloning-P3/raw_collected_data/IMG/left_2018_07_22_16_00_10_688.jpg,/Users/attwell/Uber/Github/CarND-Behavioral-Cloning-P3/raw_collected_data/IMG/right_2018_07_22_16_00_10_688.jpg,-0.024801,1,0,30.19027
/Users/attwell/Uber/Github/CarND-Behavioral-Cloning-P3/raw_collected_data/IMG/center_2018_07_22_16_00_10_773.jpg,/Users/attwell/Uber/Github/CarND-Behavioral-Cloning-P3/raw_collected_data/IMG/left_2018_07_22_16_00_10_773.jpg,/Users/attwell/Uber/Github/CarND-Behavioral-Cloning-P3/raw_collected_data/IMG/right_2018_07_22_16_00_10_773.jpg,-0.024801,1,0,30.19027
/Users/attwell/Uber/Github/CarND-Behavioral-Cloning-P3/raw_collected_data/IMG/center_2018_07_22_16_00_10_853.jpg,/Users/attwell/Uber/Github/CarND-Behavioral-Cloning-P3/raw_collected_data/IMG/left_2018_07_22_16_00_10_853.jpg,/Users/attwell/Uber/Github/CarND-Behavioral-Cloning-P3/raw_collected_data/IMG/right_2018_07_22_16_00_10_853.jpg,-0.024801,1,0,30.1903
/Users/attwell/Uber/Github/CarND-Behavioral-Cloning-P3/raw_collected_data/IMG/center_2018_07_22_16_00_10_933.jpg,/Users/attwell/Uber/Github/CarND-Behavioral-Cloning-P3/raw_collected_data/IMG/left_2018_07_22_16_00_10_933.jpg,/Users/attwell/Uber/Github/CarND-Behavioral-Cloning-P3/raw_collected_data/IMG/right_2018_07_22_16_00_10_933.jpg,-0.024801,1,0,30.19029
/Users/attwell/Uber/Github/CarND-Behavioral-Cloning-P3/raw_collected_data/IMG/center_2018_07_22_16_00_11_013.jpg,/Users/attwell/Uber/Github/CarND-Behavioral-Cloning-P3/raw_collected_data/IMG/left_2018_07_22_16_00_11_013.jpg,/Users/attwell/Uber/Github/CarND-Behavioral-Cloning-P3/raw_collected_data/IMG/right_2018_07_22_16_00_11_013.jpg,-0.024801,1,0,30.19027
/Users/attwell/Uber/Github/CarND-Behavioral-Cloning-P3/raw_collected_data/IMG/center_2018_07_22_16_00_11_099.jpg,/Users/attwell/Uber/Github/CarND-Behavioral-Cloning-P3/raw_collected_data/IMG/left_2018_07_22_16_00_11_099.jpg,/Users/attwell/Uber/Github/CarND-Behavioral-Cloning-P3/raw_collected_data/IMG/right_2018_07_22_16_00_11_099.jpg,-0.024801,1,0,30.19029
/Users/attwell/Uber/Github/CarND-Behavioral-Cloning-P3/raw_collected_data/IMG/center_2018_07_22_16_00_11_178.jpg,/Users/attwell/Uber/Github/CarND-Behavioral-Cloning-P3/raw_collected_data/IMG/left_2018_07_22_16_00_11_178.jpg,/Users/attwell/Uber/Github/CarND-Behavioral-Cloning-P3/raw_collected_data/IMG/right_2018_07_22_16_00_11_178.jpg,-0.024801,1,0,30.19028
/Users/attwell/Uber/Github/CarND-Behavioral-Cloning-P3/raw_collected_data/IMG/center_2018_07_22_16_00_11_258.jpg,/Users/attwell/Uber/Github/CarND-Behavioral-Cloning-P3/raw_collected_data/IMG/left_2018_07_22_16_00_11_258.jpg,/Users/attwell/Uber/Github/CarND-Behavioral-Cloning-P3/raw_collected_data/IMG/right_2018_07_22_16_00_11_258.jpg,-0.024801,1,0,30.19028
/Users/attwell/Uber/Github/CarND-Behavioral-Cloning-P3/raw_collected_data/IMG/center_2018_07_22_16_00_11_339.jpg,/Users/attwell/Uber/Github/CarND-Behavioral-Cloning-P3/raw_collected_data/IMG/left_2018_07_22_16_00_11_339.jpg,/Users/attwell/Uber/Github/CarND-Behavioral-Cloning-P3/raw_collected_data/IMG/right_2018_07_22_16_00_11_339.jpg,-0.024801,1,0,30.19028
/Users/attwell/Uber/Github/CarND-Behavioral-Cloning-P3/raw_collected_data/IMG/center_2018_07_22_16_00_11_424.jpg,/Users/attwell/Uber/Github/CarND-Behavioral-Cloning-P3/raw_collected_data/IMG/left_2018_07_22_16_00_11_424.jpg,/Users/attwell/Uber/Github/CarND-Behavioral-Cloning-P3/raw_collected_data/IMG/right_2018_07_22_16_00_11_424.jpg,-0.024801,1,0,30.19029
/Users/attwell/Uber/Github/CarND-Behavioral-Cloning-P3/raw_collected_data/IMG/center_2018_07_22_16_00_11_506.jpg,/Users/attwell/Uber/Github/CarND-Behavioral-Cloning-P3/raw_collected_data/IMG/left_2018_07_22_16_00_11_506.jpg,/Users/attwell/Uber/Github/CarND-Behavioral-Cloning-P3/raw_collected_data/IMG/right_2018_07_22_16_00_11_506.jpg,-0.024801,1,0,30.19029
/Users/attwell/Uber/Github/CarND-Behavioral-Cloning-P3/raw_collected_data/IMG/center_2018_07_22_16_00_11_591.jpg,/Users/attwell/Uber/Github/CarND-Behavioral-Cloning-P3/raw_collected_data/IMG/left_2018_07_22_16_00_11_591.jpg,/Users/attwell/Uber/Github/CarND-Behavioral-Cloning-P3/raw_collected_data/IMG/right_2018_07_22_16_00_11_591.jpg,-0.024801,1,0,30.19028
/Users/attwell/Uber/Github/CarND-Behavioral-Cloning-P3/raw_collected_data/IMG/center_2018_07_22_16_00_11_659.jpg,/Users/attwell/Uber/Github/CarND-Behavioral-Cloning-P3/raw_collected_data/IMG/left_2018_07_22_16_00_11_659.jpg,/Users/attwell/Uber/Github/CarND-Behavioral-Cloning-P3/raw_collected_data/IMG/right_2018_07_22_16_00_11_659.jpg,-0.024801,1,0,30.1903
/Users/attwell/Uber/Github/CarND-Behavioral-Cloning-P3/raw_collected_data/IMG/center_2018_07_22_16_00_11_726.jpg,/Users/attwell/Uber/Github/CarND-Behavioral-Cloning-P3/raw_collected_data/IMG/left_2018_07_22_16_00_11_726.jpg,/Users/attwell/Uber/Github/CarND-Behavioral-Cloning-P3/raw_collected_data/IMG/right_2018_07_22_16_00_11_726.jpg,-0.01816775,1,0,30.19033
/Users/attwell/Uber/Github/CarND-Behavioral-Cloning-P3/raw_collected_data/IMG/center_2018_07_22_16_00_11_811.jpg,/Users/attwell/Uber/Github/CarND-Behavioral-Cloning-P3/raw_collected_data/IMG/left_2018_07_22_16_00_11_811.jpg,/Users/attwell/Uber/Github/CarND-Behavioral-Cloning-P3/raw_collected_data/IMG/right_2018_07_22_16_00_11_811.jpg,-0.01378243,1,0,30.19031
/Users/attwell/Uber/Github/CarND-Behavioral-Cloning-P3/raw_collected_data/IMG/center_2018_07_22_16_00_11_894.jpg,/Users/attwell/Uber/Github/CarND-Behavioral-Cloning-P3/raw_collected_data/IMG/left_2018_07_22_16_00_11_894.jpg,/Users/attwell/Uber/Github/CarND-Behavioral-Cloning-P3/raw_collected_data/IMG/right_2018_07_22_16_00_11_894.jpg,-0.009507665,1,0,30.19031
/Users/attwell/Uber/Github/CarND-Behavioral-Cloning-P3/raw_collected_data/IMG/center_2018_07_22_16_00_11_979.jpg,/Users/attwell/Uber/Github/CarND-Behavioral-Cloning-P3/raw_collected_data/IMG/left_2018_07_22_16_00_11_979.jpg,/Users/attwell/Uber/Github/CarND-Behavioral-Cloning-P3/raw_collected_data/IMG/right_2018_07_22_16_00_11_979.jpg,-0.009507665,1,0,30.1903
/Users/attwell/Uber/Github/CarND-Behavioral-Cloning-P3/raw_collected_data/IMG/center_2018_07_22_16_00_12_065.jpg,/Users/attwell/Uber/Github/CarND-Behavioral-Cloning-P3/raw_collected_data/IMG/left_2018_07_22_16_00_12_065.jpg,/Users/attwell/Uber/Github/CarND-Behavioral-Cloning-P3/raw_collected_data/IMG/right_2018_07_22_16_00_12_065.jpg,-0.002948113,1,0,30.19028
/Users/attwell/Uber/Github/CarND-Behavioral-Cloning-P3/raw_collected_data/IMG/center_2018_07_22_16_00_12_147.jpg,/Users/attwell/Uber/Github/CarND-Behavioral-Cloning-P3/raw_collected_data/IMG/left_2018_07_22_16_00_12_147.jpg,/Users/attwell/Uber/Github/CarND-Behavioral-Cloning-P3/raw_collected_data/IMG/right_2018_07_22_16_00_12_147.jpg,0.006117335,1,0,30.19027
/Users/attwell/Uber/Github/CarND-Behavioral-Cloning-P3/raw_collected_data/IMG/center_2018_07_22_16_00_12_224.jpg,/Users/attwell/Uber/Github/CarND-Behavioral-Cloning-P3/raw_collected_data/IMG/left_2018_07_22_16_00_12_224.jpg,/Users/attwell/Uber/Github/CarND-Behavioral-Cloning-P3/raw_collected_data/IMG/right_2018_07_22_16_00_12_224.jpg,0.008254717,1,0,30.19029
/Users/attwell/Uber/Github/CarND-Behavioral-Cloning-P3/raw_collected_data/IMG/center_2018_07_22_16_00_12_307.jpg,/Users/attwell/Uber/Github/CarND-Behavioral-Cloning-P3/raw_collected_data/IMG/left_2018_07_22_16_00_12_307.jpg,/Users/attwell/Uber/Github/CarND-Behavioral-Cloning-P3/raw_collected_data/IMG/right_2018_07_22_16_00_12_307.jpg,0.008254717,1,0,30.19024
/Users/attwell/Uber/Github/CarND-Behavioral-Cloning-P3/raw_collected_data/IMG/center_2018_07_22_16_00_12_391.jpg,/Users/attwell/Uber/Github/CarND-Behavioral-Cloning-P3/raw_collected_data/IMG/left_2018_07_22_16_00_12_391.jpg,/Users/attwell/Uber/Github/CarND-Behavioral-Cloning-P3/raw_collected_data/IMG/right_2018_07_22_16_00_12_391.jpg,0.008254717,1,0,30.19029
/Users/attwell/Uber/Github/CarND-Behavioral-Cloning-P3/raw_collected_data/IMG/center_2018_07_22_16_00_12_473.jpg,/Users/attwell/Uber/Github/CarND-Behavioral-Cloning-P3/raw_collected_data/IMG/left_2018_07_22_16_00_12_473.jpg,/Users/attwell/Uber/Github/CarND-Behavioral-Cloning-P3/raw_collected_data/IMG/right_2018_07_22_16_00_12_473.jpg,-0.006670106,1,0,30.19027
/Users/attwell/Uber/Github/CarND-Behavioral-Cloning-P3/raw_collected_data/IMG/center_2018_07_22_16_00_12_555.jpg,/Users/attwell/Uber/Github/CarND-Behavioral-Cloning-P3/raw_collected_data/IMG/left_2018_07_22_16_00_12_555.jpg,/Users/attwell/Uber/Github/CarND-Behavioral-Cloning-P3/raw_collected_data/IMG/right_2018_07_22_16_00_12_555.jpg,-0.02144752,1,0,30.19018
/Users/attwell/Uber/Github/CarND-Behavioral-Cloning-P3/raw_collected_data/IMG/center_2018_07_22_16_00_12_638.jpg,/Users/attwell/Uber/Github/CarND-Behavioral-Cloning-P3/raw_collected_data/IMG/left_2018_07_22_16_00_12_638.jpg,/Users/attwell/Uber/Github/CarND-Behavioral-Cloning-P3/raw_collected_data/IMG/right_2018_07_22_16_00_12_638.jpg,-0.02863355,1,0,30.19016
/Users/attwell/Uber/Github/CarND-Behavioral-Cloning-P3/raw_collected_data/IMG/center_2018_07_22_16_00_12_726.jpg,/Users/attwell/Uber/Github/CarND-Behavioral-Cloning-P3/raw_collected_data/IMG/left_2018_07_22_16_00_12_726.jpg,/Users/attwell/Uber/Github/CarND-Behavioral-Cloning-P3/raw_collected_data/IMG/right_2018_07_22_16_00_12_726.jpg,-0.03080778,1,0,30.1902
/Users/attwell/Uber/Github/CarND-Behavioral-Cloning-P3/raw_collected_data/IMG/center_2018_07_22_16_00_12_810.jpg,/Users/attwell/Uber/Github/CarND-Behavioral-Cloning-P3/raw_collected_data/IMG/left_2018_07_22_16_00_12_810.jpg,/Users/attwell/Uber/Github/CarND-Behavioral-Cloning-P3/raw_collected_data/IMG/right_2018_07_22_16_00_12_810.jpg,-0.03080778,1,0,30.19024
/Users/attwell/Uber/Github/CarND-Behavioral-Cloning-P3/raw_collected_data/IMG/center_2018_07_22_16_00_12_893.jpg,/Users/attwell/Uber/Github/CarND-Behavioral-Cloning-P3/raw_collected_data/IMG/left_2018_07_22_16_00_12_893.jpg,/Users/attwell/Uber/Github/CarND-Behavioral-Cloning-P3/raw_collected_data/IMG/right_2018_07_22_16_00_12_893.jpg,-0.03080778,1,0,30.19025
/Users/attwell/Uber/Github/CarND-Behavioral-Cloning-P3/raw_collected_data/IMG/center_2018_07_22_16_00_12_977.jpg,/Users/attwell/Uber/Github/CarND-Behavioral-Cloning-P3/raw_collected_data/IMG/left_2018_07_22_16_00_12_977.jpg,/Users/attwell/Uber/Github/CarND-Behavioral-Cloning-P3/raw_collected_data/IMG/right_2018_07_22_16_00_12_977.jpg,-0.03080778,1,0,30.19026
/Users/attwell/Uber/Github/CarND-Behavioral-Cloning-P3/raw_collected_data/IMG/center_2018_07_22_16_00_13_063.jpg,/Users/attwell/Uber/Github/CarND-Behavioral-Cloning-P3/raw_collected_data/IMG/left_2018_07_22_16_00_13_063.jpg,/Users/attwell/Uber/Github/CarND-Behavioral-Cloning-P3/raw_collected_data/IMG/right_2018_07_22_16_00_13_063.jpg,-0.03080778,1,0,30.19026
/Users/attwell/Uber/Github/CarND-Behavioral-Cloning-P3/raw_collected_data/IMG/center_2018_07_22_16_00_13_146.jpg,/Users/attwell/Uber/Github/CarND-Behavioral-Cloning-P3/raw_collected_data/IMG/left_2018_07_22_16_00_13_146.jpg,/Users/attwell/Uber/Github/CarND-Behavioral-Cloning-P3/raw_collected_data/IMG/right_2018_07_22_16_00_13_146.jpg,-0.03080778,1,0,30.19027
/Users/attwell/Uber/Github/CarND-Behavioral-Cloning-P3/raw_collected_data/IMG/center_2018_07_22_16_00_13_227.jpg,/Users/attwell/Uber/Github/CarND-Behavioral-Cloning-P3/raw_collected_data/IMG/left_2018_07_22_16_00_13_227.jpg,/Users/attwell/Uber/Github/CarND-Behavioral-Cloning-P3/raw_collected_data/IMG/right_2018_07_22_16_00_13_227.jpg,-0.03080778,1,0,30.19028
/Users/attwell/Uber/Github/CarND-Behavioral-Cloning-P3/raw_collected_data/IMG/center_2018_07_22_16_00_13_310.jpg,/Users/attwell/Uber/Github/CarND-Behavioral-Cloning-P3/raw_collected_data/IMG/left_2018_07_22_16_00_13_310.jpg,/Users/attwell/Uber/Github/CarND-Behavioral-Cloning-P3/raw_collected_data/IMG/right_2018_07_22_16_00_13_310.jpg,-0.0287441,1,0,30.19027
/Users/attwell/Uber/Github/CarND-Behavioral-Cloning-P3/raw_collected_data/IMG/center_2018_07_22_16_00_13_389.jpg,/Users/attwell/Uber/Github/CarND-Behavioral-Cloning-P3/raw_collected_data/IMG/left_2018_07_22_16_00_13_389.jpg,/Users/attwell/Uber/Github/CarND-Behavioral-Cloning-P3/raw_collected_data/IMG/right_2018_07_22_16_00_13_389.jpg,-0.0287441,1,0,30.19027
/Users/attwell/Uber/Github/CarND-Behavioral-Cloning-P3/raw_collected_data/IMG/center_2018_07_22_16_00_13_467.jpg,/Users/attwell/Uber/Github/CarND-Behavioral-Cloning-P3/raw_collected_data/IMG/left_2018_07_22_16_00_13_467.jpg,/Users/attwell/Uber/Github/CarND-Behavioral-Cloning-P3/raw_collected_data/IMG/right_2018_07_22_16_00_13_467.jpg,-0.0287441,1,0,30.1903
/Users/attwell/Uber/Github/CarND-Behavioral-Cloning-P3/raw_collected_data/IMG/center_2018_07_22_16_00_13_543.jpg,/Users/attwell/Uber/Github/CarND-Behavioral-Cloning-P3/raw_collected_data/IMG/left_2018_07_22_16_00_13_543.jpg,/Users/attwell/Uber/Github/CarND-Behavioral-Cloning-P3/raw_collected_data/IMG/right_2018_07_22_16_00_13_543.jpg,-0.0287441,1,0,30.19028
/Users/attwell/Uber/Github/CarND-Behavioral-Cloning-P3/raw_collected_data/IMG/center_2018_07_22_16_00_13_619.jpg,/Users/attwell/Uber/Github/CarND-Behavioral-Cloning-P3/raw_collected_data/IMG/left_2018_07_22_16_00_13_619.jpg,/Users/attwell/Uber/Github/CarND-Behavioral-Cloning-P3/raw_collected_data/IMG/right_2018_07_22_16_00_13_619.jpg,-0.0287441,1,0,30.1903
/Users/attwell/Uber/Github/CarND-Behavioral-Cloning-P3/raw_collected_data/IMG/center_2018_07_22_16_00_13_696.jpg,/Users/attwell/Uber/Github/CarND-Behavioral-Cloning-P3/raw_collected_data/IMG/left_2018_07_22_16_00_13_696.jpg,/Users/attwell/Uber/Github/CarND-Behavioral-Cloning-P3/raw_collected_data/IMG/right_2018_07_22_16_00_13_696.jpg,-0.02443249,1,0,30.19036
/Users/attwell/Uber/Github/CarND-Behavioral-Cloning-P3/raw_collected_data/IMG/center_2018_07_22_16_00_13_774.jpg,/Users/attwell/Uber/Github/CarND-Behavioral-Cloning-P3/raw_collected_data/IMG/left_2018_07_22_16_00_13_774.jpg,/Users/attwell/Uber/Github/CarND-Behavioral-Cloning-P3/raw_collected_data/IMG/right_2018_07_22_16_00_13_774.jpg,-0.02012087,1,0,30.19032
/Users/attwell/Uber/Github/CarND-Behavioral-Cloning-P3/raw_collected_data/IMG/center_2018_07_22_16_00_13_853.jpg,/Users/attwell/Uber/Github/CarND-Behavioral-Cloning-P3/raw_collected_data/IMG/left_2018_07_22_16_00_13_853.jpg,/Users/attwell/Uber/Github/CarND-Behavioral-Cloning-P3/raw_collected_data/IMG/right_2018_07_22_16_00_13_853.jpg,-0.01802034,1,0,30.19032
/Users/attwell/Uber/Github/CarND-Behavioral-Cloning-P3/raw_collected_data/IMG/center_2018_07_22_16_00_13_938.jpg,/Users/attwell/Uber/Github/CarND-Behavioral-Cloning-P3/raw_collected_data/IMG/left_2018_07_22_16_00_13_938.jpg,/Users/attwell/Uber/Github/CarND-Behavioral-Cloning-P3/raw_collected_data/IMG/right_2018_07_22_16_00_13_938.jpg,-0.01802034,1,0,30.19029
/Users/attwell/Uber/Github/CarND-Behavioral-Cloning-P3/raw_collected_data/IMG/center_2018_07_22_16_00_14_021.jpg,/Users/attwell/Uber/Github/CarND-Behavioral-Cloning-P3/raw_collected_data/IMG/left_2018_07_22_16_00_14_021.jpg,/Users/attwell/Uber/Github/CarND-Behavioral-Cloning-P3/raw_collected_data/IMG/right_2018_07_22_16_00_14_021.jpg,-0.01802034,1,0,30.19029
/Users/attwell/Uber/Github/CarND-Behavioral-Cloning-P3/raw_collected_data/IMG/center_2018_07_22_16_00_14_102.jpg,/Users/attwell/Uber/Github/CarND-Behavioral-Cloning-P3/raw_collected_data/IMG/left_2018_07_22_16_00_14_102.jpg,/Users/attwell/Uber/Github/CarND-Behavioral-Cloning-P3/raw_collected_data/IMG/right_2018_07_22_16_00_14_102.jpg,-0.01802034,1,0,30.19029
/Users/attwell/Uber/Github/CarND-Behavioral-Cloning-P3/raw_collected_data/IMG/center_2018_07_22_16_00_14_185.jpg,/Users/attwell/Uber/Github/CarND-Behavioral-Cloning-P3/raw_collected_data/IMG/left_2018_07_22_16_00_14_185.jpg,/Users/attwell/Uber/Github/CarND-Behavioral-Cloning-P3/raw_collected_data/IMG/right_2018_07_22_16_00_14_185.jpg,-0.01802034,1,0,30.19029
/Users/attwell/Uber/Github/CarND-Behavioral-Cloning-P3/raw_collected_data/IMG/center_2018_07_22_16_00_14_268.jpg,/Users/attwell/Uber/Github/CarND-Behavioral-Cloning-P3/raw_collected_data/IMG/left_2018_07_22_16_00_14_268.jpg,/Users/attwell/Uber/Github/CarND-Behavioral-Cloning-P3/raw_collected_data/IMG/right_2018_07_22_16_00_14_268.jpg,-0.01802034,1,0,30.19028
/Users/attwell/Uber/Github/CarND-Behavioral-Cloning-P3/raw_collected_data/IMG/center_2018_07_22_16_00_14_354.jpg,/Users/attwell/Uber/Github/CarND-Behavioral-Cloning-P3/raw_collected_data/IMG/left_2018_07_22_16_00_14_354.jpg,/Users/attwell/Uber/Github/CarND-Behavioral-Cloning-P3/raw_collected_data/IMG/right_2018_07_22_16_00_14_354.jpg,-0.01802034,1,0,30.19029
/Users/attwell/Uber/Github/CarND-Behavioral-Cloning-P3/raw_collected_data/IMG/center_2018_07_22_16_00_14_421.jpg,/Users/attwell/Uber/Github/CarND-Behavioral-Cloning-P3/raw_collected_data/IMG/left_2018_07_22_16_00_14_421.jpg,/Users/attwell/Uber/Github/CarND-Behavioral-Cloning-P3/raw_collected_data/IMG/right_2018_07_22_16_00_14_421.jpg,-0.01802034,1,0,30.19029
/Users/attwell/Uber/Github/CarND-Behavioral-Cloning-P3/raw_collected_data/IMG/center_2018_07_22_16_00_14_490.jpg,/Users/attwell/Uber/Github/CarND-Behavioral-Cloning-P3/raw_collected_data/IMG/left_2018_07_22_16_00_14_490.jpg,/Users/attwell/Uber/Github/CarND-Behavioral-Cloning-P3/raw_collected_data/IMG/right_2018_07_22_16_00_14_490.jpg,-0.01802034,1,0,30.19029
/Users/attwell/Uber/Github/CarND-Behavioral-Cloning-P3/raw_collected_data/IMG/center_2018_07_22_16_00_14_579.jpg,/Users/attwell/Uber/Github/CarND-Behavioral-Cloning-P3/raw_collected_data/IMG/left_2018_07_22_16_00_14_579.jpg,/Users/attwell/Uber/Github/CarND-Behavioral-Cloning-P3/raw_collected_data/IMG/right_2018_07_22_16_00_14_579.jpg,-0.01112913,1,0,30.19031
/Users/attwell/Uber/Github/CarND-Behavioral-Cloning-P3/raw_collected_data/IMG/center_2018_07_22_16_00_14_650.jpg,/Users/attwell/Uber/Github/CarND-Behavioral-Cloning-P3/raw_collected_data/IMG/left_2018_07_22_16_00_14_650.jpg,/Users/attwell/Uber/Github/CarND-Behavioral-Cloning-P3/raw_collected_data/IMG/right_2018_07_22_16_00_14_650.jpg,-0.004385319,1,0,30.1903
/Users/attwell/Uber/Github/CarND-Behavioral-Cloning-P3/raw_collected_data/IMG/center_2018_07_22_16_00_14_725.jpg,/Users/attwell/Uber/Github/CarND-Behavioral-Cloning-P3/raw_collected_data/IMG/left_2018_07_22_16_00_14_725.jpg,/Users/attwell/Uber/Github/CarND-Behavioral-Cloning-P3/raw_collected_data/IMG/right_2018_07_22_16_00_14_725.jpg,-0.002137382,1,0,30.1903
/Users/attwell/Uber/Github/CarND-Behavioral-Cloning-P3/raw_collected_data/IMG/center_2018_07_22_16_00_14_798.jpg,/Users/attwell/Uber/Github/CarND-Behavioral-Cloning-P3/raw_collected_data/IMG/left_2018_07_22_16_00_14_798.jpg,/Users/attwell/Uber/Github/CarND-Behavioral-Cloning-P3/raw_collected_data/IMG/right_2018_07_22_16_00_14_798.jpg,-3.685142E-05,1,0,30.1903
/Users/attwell/Uber/Github/CarND-Behavioral-Cloning-P3/raw_collected_data/IMG/center_2018_07_22_16_00_14_871.jpg,/Users/attwell/Uber/Github/CarND-Behavioral-Cloning-P3/raw_collected_data/IMG/left_2018_07_22_16_00_14_871.jpg,/Users/attwell/Uber/Github/CarND-Behavioral-Cloning-P3/raw_collected_data/IMG/right_2018_07_22_16_00_14_871.jpg,-3.685142E-05,1,0,30.19029
/Users/attwell/Uber/Github/CarND-Behavioral-Cloning-P3/raw_collected_data/IMG/center_2018_07_22_16_00_14_947.jpg,/Users/attwell/Uber/Github/CarND-Behavioral-Cloning-P3/raw_collected_data/IMG/left_2018_07_22_16_00_14_947.jpg,/Users/attwell/Uber/Github/CarND-Behavioral-Cloning-P3/raw_collected_data/IMG/right_2018_07_22_16_00_14_947.jpg,-3.685142E-05,1,0,30.1903
/Users/attwell/Uber/Github/CarND-Behavioral-Cloning-P3/raw_collected_data/IMG/center_2018_07_22_16_00_15_018.jpg,/Users/attwell/Uber/Github/CarND-Behavioral-Cloning-P3/raw_collected_data/IMG/left_2018_07_22_16_00_15_018.jpg,/Users/attwell/Uber/Github/CarND-Behavioral-Cloning-P3/raw_collected_data/IMG/right_2018_07_22_16_00_15_018.jpg,-3.685142E-05,1,0,30.19031
/Users/attwell/Uber/Github/CarND-Behavioral-Cloning-P3/raw_collected_data/IMG/center_2018_07_22_16_00_15_088.jpg,/Users/attwell/Uber/Github/CarND-Behavioral-Cloning-P3/raw_collected_data/IMG/left_2018_07_22_16_00_15_088.jpg,/Users/attwell/Uber/Github/CarND-Behavioral-Cloning-P3/raw_collected_data/IMG/right_2018_07_22_16_00_15_088.jpg,0.002026828,1,0,30.19039
/Users/attwell/Uber/Github/CarND-Behavioral-Cloning-P3/raw_collected_data/IMG/center_2018_07_22_16_00_15_156.jpg,/Users/attwell/Uber/Github/CarND-Behavioral-Cloning-P3/raw_collected_data/IMG/left_2018_07_22_16_00_15_156.jpg,/Users/attwell/Uber/Github/CarND-Behavioral-Cloning-P3/raw_collected_data/IMG/right_2018_07_22_16_00_15_156.jpg,0.004201061,1,0,30.19028
/Users/attwell/Uber/Github/CarND-Behavioral-Cloning-P3/raw_collected_data/IMG/center_2018_07_22_16_00_15_243.jpg,/Users/attwell/Uber/Github/CarND-Behavioral-Cloning-P3/raw_collected_data/IMG/left_2018_07_22_16_00_15_243.jpg,/Users/attwell/Uber/Github/CarND-Behavioral-Cloning-P3/raw_collected_data/IMG/right_2018_07_22_16_00_15_243.jpg,0.004201061,1,0,30.19028
/Users/attwell/Uber/Github/CarND-Behavioral-Cloning-P3/raw_collected_data/IMG/center_2018_07_22_16_00_15_312.jpg,/Users/attwell/Uber/Github/CarND-Behavioral-Cloning-P3/raw_collected_data/IMG/left_2018_07_22_16_00_15_312.jpg,/Users/attwell/Uber/Github/CarND-Behavioral-Cloning-P3/raw_collected_data/IMG/right_2018_07_22_16_00_15_312.jpg,0.004201061,1,0,30.19031
/Users/attwell/Uber/Github/CarND-Behavioral-Cloning-P3/raw_collected_data/IMG/center_2018_07_22_16_00_15_379.jpg,/Users/attwell/Uber/Github/CarND-Behavioral-Cloning-P3/raw_collected_data/IMG/left_2018_07_22_16_00_15_379.jpg,/Users/attwell/Uber/Github/CarND-Behavioral-Cloning-P3/raw_collected_data/IMG/right_2018_07_22_16_00_15_379.jpg,0.004201061,1,0,30.19028
/Users/attwell/Uber/Github/CarND-Behavioral-Cloning-P3/raw_collected_data/IMG/center_2018_07_22_16_00_15_450.jpg,/Users/attwell/Uber/Github/CarND-Behavioral-Cloning-P3/raw_collected_data/IMG/left_2018_07_22_16_00_15_450.jpg,/Users/attwell/Uber/Github/CarND-Behavioral-Cloning-P3/raw_collected_data/IMG/right_2018_07_22_16_00_15_450.jpg,0.004201061,1,0,30.19029
/Users/attwell/Uber/Github/CarND-Behavioral-Cloning-P3/raw_collected_data/IMG/center_2018_07_22_16_00_15_518.jpg,/Users/attwell/Uber/Github/CarND-Behavioral-Cloning-P3/raw_collected_data/IMG/left_2018_07_22_16_00_15_518.jpg,/Users/attwell/Uber/Github/CarND-Behavioral-Cloning-P3/raw_collected_data/IMG/right_2018_07_22_16_00_15_518.jpg,0.004201061,1,0,30.19031
/Users/attwell/Uber/Github/CarND-Behavioral-Cloning-P3/raw_collected_data/IMG/center_2018_07_22_16_00_15_587.jpg,/Users/attwell/Uber/Github/CarND-Behavioral-Cloning-P3/raw_collected_data/IMG/left_2018_07_22_16_00_15_587.jpg,/Users/attwell/Uber/Github/CarND-Behavioral-Cloning-P3/raw_collected_data/IMG/right_2018_07_22_16_00_15_587.jpg,0.004201061,1,0,30.19031
/Users/attwell/Uber/Github/CarND-Behavioral-Cloning-P3/raw_collected_data/IMG/center_2018_07_22_16_00_15_657.jpg,/Users/attwell/Uber/Github/CarND-Behavioral-Cloning-P3/raw_collected_data/IMG/left_2018_07_22_16_00_15_657.jpg,/Users/attwell/Uber/Github/CarND-Behavioral-Cloning-P3/raw_collected_data/IMG/right_2018_07_22_16_00_15_657.jpg,0.004201061,1,0,30.1903
/Users/attwell/Uber/Github/CarND-Behavioral-Cloning-P3/raw_collected_data/IMG/center_2018_07_22_16_00_15_727.jpg,/Users/attwell/Uber/Github/CarND-Behavioral-Cloning-P3/raw_collected_data/IMG/left_2018_07_22_16_00_15_727.jpg,/Users/attwell/Uber/Github/CarND-Behavioral-Cloning-P3/raw_collected_data/IMG/right_2018_07_22_16_00_15_727.jpg,0.004201061,1,0,30.19029
/Users/attwell/Uber/Github/CarND-Behavioral-Cloning-P3/raw_collected_data/IMG/center_2018_07_22_16_00_15_795.jpg,/Users/attwell/Uber/Github/CarND-Behavioral-Cloning-P3/raw_collected_data/IMG/left_2018_07_22_16_00_15_795.jpg,/Users/attwell/Uber/Github/CarND-Behavioral-Cloning-P3/raw_collected_data/IMG/right_2018_07_22_16_00_15_795.jpg,-0.01978921,1,0,30.19019
/Users/attwell/Uber/Github/CarND-Behavioral-Cloning-P3/raw_collected_data/IMG/center_2018_07_22_16_00_15_882.jpg,/Users/attwell/Uber/Github/CarND-Behavioral-Cloning-P3/raw_collected_data/IMG/left_2018_07_22_16_00_15_882.jpg,/Users/attwell/Uber/Github/CarND-Behavioral-Cloning-P3/raw_collected_data/IMG/right_2018_07_22_16_00_15_882.jpg,-0.022074,1,0,30.19023
/Users/attwell/Uber/Github/CarND-Behavioral-Cloning-P3/raw_collected_data/IMG/center_2018_07_22_16_00_15_970.jpg,/Users/attwell/Uber/Github/CarND-Behavioral-Cloning-P3/raw_collected_data/IMG/left_2018_07_22_16_00_15_970.jpg,/Users/attwell/Uber/Github/CarND-Behavioral-Cloning-P3/raw_collected_data/IMG/right_2018_07_22_16_00_15_970.jpg,-0.02421138,1,0,30.19022
/Users/attwell/Uber/Github/CarND-Behavioral-Cloning-P3/raw_collected_data/IMG/center_2018_07_22_16_00_16_060.jpg,/Users/attwell/Uber/Github/CarND-Behavioral-Cloning-P3/raw_collected_data/IMG/left_2018_07_22_16_00_16_060.jpg,/Users/attwell/Uber/Github/CarND-Behavioral-Cloning-P3/raw_collected_data/IMG/right_2018_07_22_16_00_16_060.jpg,-0.02421138,1,0,30.19029
/Users/attwell/Uber/Github/CarND-Behavioral-Cloning-P3/raw_collected_data/IMG/center_2018_07_22_16_00_16_128.jpg,/Users/attwell/Uber/Github/CarND-Behavioral-Cloning-P3/raw_collected_data/IMG/left_2018_07_22_16_00_16_128.jpg,/Users/attwell/Uber/Github/CarND-Behavioral-Cloning-P3/raw_collected_data/IMG/right_2018_07_22_16_00_16_128.jpg,-0.02421138,1,0,30.19025
/Users/attwell/Uber/Github/CarND-Behavioral-Cloning-P3/raw_collected_data/IMG/center_2018_07_22_16_00_16_195.jpg,/Users/attwell/Uber/Github/CarND-Behavioral-Cloning-P3/raw_collected_data/IMG/left_2018_07_22_16_00_16_195.jpg,/Users/attwell/Uber/Github/CarND-Behavioral-Cloning-P3/raw_collected_data/IMG/right_2018_07_22_16_00_16_195.jpg,-0.02421138,1,0,30.19029
/Users/attwell/Uber/Github/CarND-Behavioral-Cloning-P3/raw_collected_data/IMG/center_2018_07_22_16_00_16_263.jpg,/Users/attwell/Uber/Github/CarND-Behavioral-Cloning-P3/raw_collected_data/IMG/left_2018_07_22_16_00_16_263.jpg,/Users/attwell/Uber/Github/CarND-Behavioral-Cloning-P3/raw_collected_data/IMG/right_2018_07_22_16_00_16_263.jpg,-0.02631191,1,0,30.19027
/Users/attwell/Uber/Github/CarND-Behavioral-Cloning-P3/raw_collected_data/IMG/center_2018_07_22_16_00_16_331.jpg,/Users/attwell/Uber/Github/CarND-Behavioral-Cloning-P3/raw_collected_data/IMG/left_2018_07_22_16_00_16_331.jpg,/Users/attwell/Uber/Github/CarND-Behavioral-Cloning-P3/raw_collected_data/IMG/right_2018_07_22_16_00_16_331.jpg,-0.02631191,1,0,30.19027
/Users/attwell/Uber/Github/CarND-Behavioral-Cloning-P3/raw_collected_data/IMG/center_2018_07_22_16_00_16_402.jpg,/Users/attwell/Uber/Github/CarND-Behavioral-Cloning-P3/raw_collected_data/IMG/left_2018_07_22_16_00_16_402.jpg,/Users/attwell/Uber/Github/CarND-Behavioral-Cloning-P3/raw_collected_data/IMG/right_2018_07_22_16_00_16_402.jpg,-0.02631191,1,0,30.19029
/Users/attwell/Uber/Github/CarND-Behavioral-Cloning-P3/raw_collected_data/IMG/center_2018_07_22_16_00_16_475.jpg,/Users/attwell/Uber/Github/CarND-Behavioral-Cloning-P3/raw_collected_data/IMG/left_2018_07_22_16_00_16_475.jpg,/Users/attwell/Uber/Github/CarND-Behavioral-Cloning-P3/raw_collected_data/IMG/right_2018_07_22_16_00_16_475.jpg,-0.02631191,1,0,30.19045
/Users/attwell/Uber/Github/CarND-Behavioral-Cloning-P3/raw_collected_data/IMG/center_2018_07_22_16_00_16_544.jpg,/Users/attwell/Uber/Github/CarND-Behavioral-Cloning-P3/raw_collected_data/IMG/left_2018_07_22_16_00_16_544.jpg,/Users/attwell/Uber/Github/CarND-Behavioral-Cloning-P3/raw_collected_data/IMG/right_2018_07_22_16_00_16_544.jpg,-0.02424823,1,0,30.19029
/Users/attwell/Uber/Github/CarND-Behavioral-Cloning-P3/raw_collected_data/IMG/center_2018_07_22_16_00_16_612.jpg,/Users/attwell/Uber/Github/CarND-Behavioral-Cloning-P3/raw_collected_data/IMG/left_2018_07_22_16_00_16_612.jpg,/Users/attwell/Uber/Github/CarND-Behavioral-Cloning-P3/raw_collected_data/IMG/right_2018_07_22_16_00_16_612.jpg,-0.02424823,1,0,30.19029
/Users/attwell/Uber/Github/CarND-Behavioral-Cloning-P3/raw_collected_data/IMG/center_2018_07_22_16_00_16_683.jpg,/Users/attwell/Uber/Github/CarND-Behavioral-Cloning-P3/raw_collected_data/IMG/left_2018_07_22_16_00_16_683.jpg,/Users/attwell/Uber/Github/CarND-Behavioral-Cloning-P3/raw_collected_data/IMG/right_2018_07_22_16_00_16_683.jpg,-0.02424823,1,0,30.19034
/Users/attwell/Uber/Github/CarND-Behavioral-Cloning-P3/raw_collected_data/IMG/center_2018_07_22_16_00_16_753.jpg,/Users/attwell/Uber/Github/CarND-Behavioral-Cloning-P3/raw_collected_data/IMG/left_2018_07_22_16_00_16_753.jpg,/Users/attwell/Uber/Github/CarND-Behavioral-Cloning-P3/raw_collected_data/IMG/right_2018_07_22_16_00_16_753.jpg,-0.02424823,1,0,30.19027
/Users/attwell/Uber/Github/CarND-Behavioral-Cloning-P3/raw_collected_data/IMG/center_2018_07_22_16_00_16_824.jpg,/Users/attwell/Uber/Github/CarND-Behavioral-Cloning-P3/raw_collected_data/IMG/left_2018_07_22_16_00_16_824.jpg,/Users/attwell/Uber/Github/CarND-Behavioral-Cloning-P3/raw_collected_data/IMG/right_2018_07_22_16_00_16_824.jpg,-0.02424823,1,0,30.1903
/Users/attwell/Uber/Github/CarND-Behavioral-Cloning-P3/raw_collected_data/IMG/center_2018_07_22_16_00_16_895.jpg,/Users/attwell/Uber/Github/CarND-Behavioral-Cloning-P3/raw_collected_data/IMG/left_2018_07_22_16_00_16_895.jpg,/Users/attwell/Uber/Github/CarND-Behavioral-Cloning-P3/raw_collected_data/IMG/right_2018_07_22_16_00_16_895.jpg,-0.02424823,1,0,30.1903
/Users/attwell/Uber/Github/CarND-Behavioral-Cloning-P3/raw_collected_data/IMG/center_2018_07_22_16_00_16_965.jpg,/Users/attwell/Uber/Github/CarND-Behavioral-Cloning-P3/raw_collected_data/IMG/left_2018_07_22_16_00_16_965.jpg,/Users/attwell/Uber/Github/CarND-Behavioral-Cloning-P3/raw_collected_data/IMG/right_2018_07_22_16_00_16_965.jpg,-0.02424823,1,0,30.19028
/Users/attwell/Uber/Github/CarND-Behavioral-Cloning-P3/raw_collected_data/IMG/center_2018_07_22_16_00_17_037.jpg,/Users/attwell/Uber/Github/CarND-Behavioral-Cloning-P3/raw_collected_data/IMG/left_2018_07_22_16_00_17_037.jpg,/Users/attwell/Uber/Github/CarND-Behavioral-Cloning-P3/raw_collected_data/IMG/right_2018_07_22_16_00_17_037.jpg,-0.01960495,1,0,30.19031
/Users/attwell/Uber/Github/CarND-Behavioral-Cloning-P3/raw_collected_data/IMG/center_2018_07_22_16_00_17_111.jpg,/Users/attwell/Uber/Github/CarND-Behavioral-Cloning-P3/raw_collected_data/IMG/left_2018_07_22_16_00_17_111.jpg,/Users/attwell/Uber/Github/CarND-Behavioral-Cloning-P3/raw_collected_data/IMG/right_2018_07_22_16_00_17_111.jpg,-0.01020784,1,0,30.19031
/Users/attwell/Uber/Github/CarND-Behavioral-Cloning-P3/raw_collected_data/IMG/center_2018_07_22_16_00_17_186.jpg,/Users/attwell/Uber/Github/CarND-Behavioral-Cloning-P3/raw_collected_data/IMG/left_2018_07_22_16_00_17_186.jpg,/Users/attwell/Uber/Github/CarND-Behavioral-Cloning-P3/raw_collected_data/IMG/right_2018_07_22_16_00_17_186.jpg,-0.005638266,1,0,30.19031
/Users/attwell/Uber/Github/CarND-Behavioral-Cloning-P3/raw_collected_data/IMG/center_2018_07_22_16_00_17_259.jpg,/Users/attwell/Uber/Github/CarND-Behavioral-Cloning-P3/raw_collected_data/IMG/left_2018_07_22_16_00_17_259.jpg,/Users/attwell/Uber/Github/CarND-Behavioral-Cloning-P3/raw_collected_data/IMG/right_2018_07_22_16_00_17_259.jpg,-0.003500884,1,0,30.1903
/Users/attwell/Uber/Github/CarND-Behavioral-Cloning-P3/raw_collected_data/IMG/center_2018_07_22_16_00_17_333.jpg,/Users/attwell/Uber/Github/CarND-Behavioral-Cloning-P3/raw_collected_data/IMG/left_2018_07_22_16_00_17_333.jpg,/Users/attwell/Uber/Github/CarND-Behavioral-Cloning-P3/raw_collected_data/IMG/right_2018_07_22_16_00_17_333.jpg,-0.003500884,1,0,30.19029
/Users/attwell/Uber/Github/CarND-Behavioral-Cloning-P3/raw_collected_data/IMG/center_2018_07_22_16_00_17_408.jpg,/Users/attwell/Uber/Github/CarND-Behavioral-Cloning-P3/raw_collected_data/IMG/left_2018_07_22_16_00_17_408.jpg,/Users/attwell/Uber/Github/CarND-Behavioral-Cloning-P3/raw_collected_data/IMG/right_2018_07_22_16_00_17_408.jpg,-0.005638266,1,0,30.19029
/Users/attwell/Uber/Github/CarND-Behavioral-Cloning-P3/raw_collected_data/IMG/center_2018_07_22_16_00_17_644.jpg,/Users/attwell/Uber/Github/CarND-Behavioral-Cloning-P3/raw_collected_data/IMG/left_2018_07_22_16_00_17_644.jpg,/Users/attwell/Uber/Github/CarND-Behavioral-Cloning-P3/raw_collected_data/IMG/right_2018_07_22_16_00_17_644.jpg,-0.01006044,1,0,29.61951
